smiles,logp,qed,Nacceptors,Ndonners,molwt
CN(C)c1ccc(N(Cc2cccc(Cl)c2)C(=O)Cn2nnc3ccccc32)cc1,4.384100000000004,0.46496202676590287,6,0,419.1512880040001
O=C(Nc1ccccc1)c1ccccc1         CCCCC1                                                                                   ,2.938900000000001,0.7874913866928777,2,1,197.084063972
O=C(Nc1ccccc1)c1cccnc1C[C@@H](O)[O-]                                                                                    ,0.5550999999999997,0.7834103182560891,5,2,257.09316585591
O=C(Nc1cccs1)Nc1cccnc1COS[C@@H](O)C                                                                                     ,3.2902000000000005,0.5605343810285672,6,3,325.05548334
CCN(Cc1ccccc1)c1ccno1                                                                                                   ,2.701100000000001,0.7629563738372691,3,0,202.110613068
O=C(Nc1ccccc1)Nc1cccnc1,2.7256,0.8054091984666042,4,2,213.090211972
