smiles,logp,qed,Nacceptors,Ndonners,molwt
O=C1C(c2cccc(Cl)c2)CCN1c1cncc2ccccc12,4.408700000000003,0.6999261953880773,3,0,322.08729078000005
O=C(NCc1scc(F)ccc1)NC(=N\OCN1CCCC#C)n1                                                                                  ,1.7621,0.5196866586778338,7,3,351.11652403600004
O=C(CCc1ccc(Cl)cc1Cl)N(CC)[C@H]1CCCC1                                                                                   ,4.717100000000005,0.7700543363249988,2,0,313.100019652
O=C(NSc1cnon1)c1nnno1          O)C#=O                                                                                   ,-0.7153000000000003,0.6596385362142448,9,1,213.990908924
O=C(CC1CCCCC1)Nc1cccnc1,2.990500000000001,0.8470011524151967,3,1,218.141913196
