smiles,logp,qed,Nacceptors,Ndonners,molwt
O=C(Nc1cncc2ccccc12)[C@@H]1CCOc2ccc(Cl)cc21,4.393000000000003,0.7534186601945831,4,1,338.0822054
O=C(Nc1ccccc1)c1ncsn1                                                                                                   ,1.7903999999999998,0.8127494499659152,4,1,205.030982844
O=C(Nc1ccccn1)c1cccs1                                                                                                   ,2.3954000000000004,0.8156915428150419,3,1,204.035733876
O=C(Nc1ccccc1)Nc1cccnc1,2.7256,0.8054091984666042,4,2,213.090211972
