smiles,logp,qed,Nacceptors,Ndonners,molwt
O=C1C(c2cccc(Cl)c2)CCN1c1cncc2ccccc12,4.408700000000003,0.6999261953880773,3,0,322.08729078000005
O=C(Nc1ccccc1-c1)ccccc1         OCCO                                                                                    ,2.6525000000000007,0.6915409857056791,2,1,197.084063972
O=C(Nc1ccccc1)Nc1cccnc1,2.7256,0.8054091984666042,4,2,213.090211972
