smiles,logp,qed,Nacceptors,Ndonners,molwt
CN(C)c1ccc(N(Cc2cccc(Cl)c2)C(=O)Cn2nnc3ccccc32)cc1,4.384100000000004,0.46496202676590287,6,0,419.1512880040001
O[C@H]c1sSc1-c1ccccc1 CC[C@@]1(N+])C1                                                                                   ,3.3589900000000013,0.7284231221744578,1,1,194.993831844
O=C(NCCC1CC1)c1ccccc1                                                                                                   ,2.2165,0.7726927674183235,2,1,189.1153641
O=C(CC1CCCCC1)Nc1cccnc1,2.990500000000001,0.8470011524151967,3,1,218.141913196
