smiles,logp,qed,Nacceptors,Ndonners,molwt
O=C(Nc1ccccc1)Nc1cccnc1,2.7256,0.8054091984666042,4,2,213.090211972
O=C(Cc1ccccc1)c1cncnc1                                                                                                  ,1.902,0.7072675475309994,3,0,198.07931294
O=C(Nc1ccccn1)c1ccsn1                                                                                                   ,1.7903999999999998,0.8127494499659152,4,1,205.030982844
CC(C)(C)[C@H](NC(=O)C(F)(F)F)C(=O)N1C[C@H]2[C@@H]([C@H]1C(=O)N[C@H](C#N)C[C@@H]1CCNC1=O)C2(C)C,1.0971800000000007,0.5037264667056947,9,3,499.240639164
