smiles,logp,qed,Nacceptors,Ndonners,molwt
O=C(CC1CCCCC1)Nc1cccnc1,2.990500000000001,0.8470011524151967,3,1,218.141913196
C[C@H]1CCCCCN1n1cccc1                                                                                                   ,2.3886000000000003,0.6407495017995078,2,0,178.146998576
O[C@@H]1CC(=O)NC1CCCOC                                                                                                  ,-0.3376000000000001,0.5718442969911551,4,2,173.10519334
C[C@H](NC(=O)CO)C1CCCC1                                                                                                 ,0.6735999999999994,0.6555095471694217,3,2,171.125928784
CC(C)(C)[C@H](NC(=O)C(F)(F)F)C(=O)N1C[C@H]2[C@@H]([C@H]1C(=O)N[C@H](C#N)C[C@@H]1CCNC1=O)C2(C)C,1.0971800000000007,0.5037264667056947,9,3,499.240639164
