smiles,logp,qed,Nacceptors,Ndonners,molwt
N#CC1(CS(=O)(=O)N2Cc3ccc(Cl)cc3[C@H](C(=O)Nc3cncc4ccccc34)C2)CC1,4.059680000000003,0.5927219986950237,7,1,480.102289212
O=C(Cc1ncccc1)c1ccncc1                                                                                                  ,1.902,0.7072675475309994,3,0,198.07931294
O=C(Nc1ccccn1)c1cccs1                                                                                                   ,2.3954000000000004,0.8156915428150419,3,1,204.035733876
O=C(Nc1ccccc1)c1ncco1                                                                                                   ,1.9268999999999998,0.7828641825438821,4,1,188.058577496
O=C(Nc1ccccc1)c1ncsc1                                                                                                   ,2.3954000000000004,0.8156915428150419,3,1,204.035733876
O=C(Cc1ccccc1)c1nccs1                                                                                                   ,2.568500000000001,0.7174985944476678,2,0,203.040484908
O=C(Nc1cnccc1)c1cnno1                                                                                                   ,0.7168999999999999,0.7539344866409466,6,1,190.049075432
O=C(Nc1ccccc1)Nc1cccnc1,2.7256,0.8054091984666042,4,2,213.090211972
