smiles,logp,qed,Nacceptors,Ndonners,molwt
O=C(Oc1cncc(Cl)c1)c1cccc2[nH]ccc12,3.435500000000001,0.7272379499441562,4,1,272.035255208
O=C(Nc1cccc(Br)c1NCCCOCC1=O)CCOCC1                                                                                      ,2.585700000000001,0.7181401968714631,6,2,384.06846925199994
O=C(Cc1ccc(F)c(F)c1)NCCCCC(C)c1CCC1                                                                                     ,4.230000000000004,0.7153888731659979,2,1,309.19042086
O=CCC(c1cc(F)ccc1F)CCCCC/CC(S)c1CCC1                                                                                    ,6.076500000000006,0.2895565208192128,1,1,354.182892956
O=C(NCc1ccc(F)cc1Br)C(=O)NCCNC1cccc1                                                                                    ,1.4047999999999996,0.5148362719857417,5,3,381.0488171040001
O=C(Nc(C(F)(Cl)c1)CN/C)CCSCCC1c1ccc1F                                                                                   ,2.9219000000000017,0.7689029065935953,3,2,350.103118412
CCN(Cc1cccc(F)c(F)N(CO)CNCCN1)n1cccc1                                                                                   ,1.3962999999999999,0.6988997087367914,6,3,353.20271686000007
O=C1C(c2cccc(Cl)c2)CCN1c1cncc2ccccc12,4.408700000000003,0.6999261953880773,3,0,322.08729078000005
