smiles,logp,qed,Nacceptors,Ndonners,molwt
O=C(Nc1cncc2ccccc12)[C@@H]1CCNc2cc(Cl)c(Cl)cc21,5.079500000000003,0.6597209287605735,4,2,371.05921746
C[C@H]c1nc(-Sc1cccc1O)[C@@H](CO)CCC1                                                                                    ,3.430290000000002,0.8601006358258448,3,2,264.105824816
C[C@H]1OCCCC1c1ccccc1Br                                                                                                 ,3.731600000000003,0.7424699250776347,1,0,254.0306272
O=C(CC1CCCCC1)Nc1cccnc1,2.990500000000001,0.8470011524151967,3,1,218.141913196
