smiles,logp,qed,Nacceptors,Ndonners,molwt
O=C(Oc1cncc(Cl)c1)c1cccc2[nH]ccc12,3.435500000000001,0.7272379499441562,4,1,272.035255208
O=C(Nc1ccc(Cl)cc1/N1CCCC(=O)CN)c1                                                                                       ,1.4064999999999999,0.8555276837428052,5,2,281.093104432
C[C@H](SSCC)n1nccccc1            O                                                                                      ,3.1050000000000013,0.6687298443540058,2,0,214.059840448
O=C(CC1CCCCC1)Nc1cccnc1,2.990500000000001,0.8470011524151967,3,1,218.141913196
