smiles,logp,qed,Nacceptors,Ndonners,molwt
CC(C)C[C@H](NC(=O)OCc1ccccc1)C(=O)N[C@@H](CC1CCNC1=O)C(O)S(=O)(=O)O,0.544700000000002,0.28272584145194296,11,5,485.1831859519999
C[C@H]1CCC(=C\C1CCC1=O)CC[C@@H]1                                                                                        ,3.3062900000000015,0.5368049651749814,1,0,191.143590228
C[C@H]1ccnc1CN1CCCC1                                                                                                    ,1.6866,0.6060753000488311,2,0,164.131348512
O=C(Nc1cccs1)S1CCOC1                                                                                                    ,2.2689000000000004,0.7081811217850843,3,2,217.023120592
C[NH+]1ccccn1Nc1cccnn1                                                                                                  ,-0.42379999999999995,0.6644064922144908,5,2,190.10872180408998
O=C(Nc1ccccc1)c1cnccc1                                                                                                  ,2.3339,0.8042302799124038,3,1,198.07931294
O=C(Nc1cccnn1)c1ccsn1                                                                                                   ,1.1853999999999998,0.8008309368794905,5,1,206.026231812
O=C(Nc1ccccc1)c1cccs1                                                                                                   ,3.0004000000000017,0.7982879217822751,2,1,203.040484908
O=C(Nc1ccccc1)Nc1cccnc1,2.7256,0.8054091984666042,4,2,213.090211972
