smiles,logp,qed,Nacceptors,Ndonners,molwt
C#CCCCC(=O)N[C@H](C(=O)N[C@H](CC(C)C)C(=O)NN(CCC(N)=O)C(=O)/C=C/C(=O)OC)C(C)(C)C,0.31610000000000493,0.08131314231188806,12,4,535.300598652
O=C(Nc1ccncn1)N1CCN=C1       C                                                                                          ,0.3523999999999998,0.6959186517561544,6,1,191.080709908
O=C(Nc1ccccc1)n1nc1                                                                                                     ,1.4774,0.6656409656001756,4,1,161.058911844
O=C(Nc1ccccc1)c1cnno1                                                                                                   ,1.3218999999999999,0.7730978020048023,5,1,189.053826464
O=C(Cc1cccnn1)c1nnno1                                                                                                   ,-0.32000000000000006,0.6131691012550062,7,0,191.0443244
O=C(Nc1ccccc1)Nc1cccnc1,2.7256,0.8054091984666042,4,2,213.090211972
