smiles,logp,qed,Nacceptors,Ndonners,molwt
C#CCCCC(=O)N[C@H](C(=O)N[C@H](CC(C)C)C(=O)NN(CCC(N)=O)C(=O)/C=C/C(=O)OC)C(C)(C)C,0.31610000000000493,0.08131314231188806,12,4,535.300598652
C[C@H]1CCN1C(=O)C1CC1       @H](C)CCC                                                                                   ,1.0172,0.5307722759694206,2,0,139.099714036
C[C@H]1COCC(=O)C1                                            c1                                                         ,0.6119,0.4609567053232838,2,0,114.06807956
C[C@H](C1OC1)N1CCCC1                                                                                                    ,0.8694999999999999,0.5302434510818237,2,0,141.1153641
C[C@H]1CCC(C#S)c1CCCC                                                                                                   ,3.7279000000000027,0.6348413851020149,0,1,184.12857164
O=C(CC1CCCCC1)Nc1cccnc1,2.990500000000001,0.8470011524151967,3,1,218.141913196
