smiles,logp,qed,Nacceptors,Ndonners,molwt
N#CC1(CS(=O)(=O)N2Cc3ccc(Cl)cc3[C@H](C(=O)Nc3cncc4ccccc34)C2)CC1,4.059680000000003,0.5927219986950237,7,1,480.102289212
C[C@H](NCCCCO)c1ccccc1                                                                                                  ,2.1097,0.6781416128305158,2,2,193.146664228
C[C@H](CCOC=O)c1ccco1                                                                                                   ,1.9462,0.49792687483182546,3,0,168.078644244
O=C(CC1CCCCC1)Nc1cccnc1,2.990500000000001,0.8470011524151967,3,1,218.141913196
