smiles,logp,qed,Nacceptors,Ndonners,molwt
CC(C)C[C@H](NC(=O)OCc1ccccc1)C(=O)N[C@@H](CC1CCNC1=O)C(O)S(=O)(=O)O,0.544700000000002,0.28272584145194296,11,5,485.1831859519999
C[C@H](O)C(=O)N1CCCCC1                                                                                                  ,0.3796999999999999,0.5974656496644093,3,1,157.11027872
C[C@@H]COC(C)CC1CCCCC1                                                                                                  ,3.586090000000002,0.6326730119246559,1,0,183.174890356
C[C@H](C)C(=O)N1CCC1                                                                                                    ,0.8747,0.5116249166340532,2,0,127.099714036
C[C@H](CCCC1=O)CCCCC1                                                                                                   ,3.3260000000000023,0.5419626138808619,1,0,168.15141526
C[C@H]1CNCC1CCCNCCCO                                                                                                    ,0.5940999999999996,0.5271826233339434,3,3,200.188863388
C[C@H]1OCCCN1CNOc1CC1                                                                                                   ,0.6958,0.6551259947335032,4,1,186.136827816
C[C@H]1CCNCC1c1ccccn1                                                                                                   ,1.7946,0.7053824727760435,2,1,176.131348512
O=C(CC1CCCCC1)Nc1cccnc1,2.990500000000001,0.8470011524151967,3,1,218.141913196
