smiles,logp,qed,Nacceptors,Ndonners,molwt
O=C(Nc1cncc2ccccc12)[C@@H]1CCNc2cc(Cl)c(Cl)cc21,5.079500000000003,0.6597209287605735,4,2,371.05921746
O=C(Nc1ccccc1)n1ncnn1                                                                                                   ,0.7532999999999999,0.7180656182536254,6,1,189.065059844
O=C(Nc1ccccc1)c1ncno1                                                                                                   ,1.3218999999999999,0.7730978020048023,5,1,189.053826464
O=C(Nc1ccccc1)c1ccccc1                                                                                                  ,2.938900000000001,0.7874913866928777,2,1,197.084063972
C=C(Cc1ccccn1)c1nncs1                                                                                                   ,2.189,0.7671391434428696,3,0,203.051718288
O=C(Nc1ccccc1)Nc1cccnc1,2.7256,0.8054091984666042,4,2,213.090211972
