smiles,logp,qed,Nacceptors,Ndonners,molwt
CC(C)C[C@H](NC(=O)OCc1ccccc1)C(=O)N[C@@H](CC1CCNC1=O)C(O)S(=O)(=O)O,0.544700000000002,0.28272584145194296,11,5,485.1831859519999
C/C(c(NSSC[nH]c2s1CCN2)ccccc1)c1cccs1                                                                                   ,4.2116000000000025,0.40506923931350214,3,3,383.06183167200004
O=C(CCc1ccc(Cl)cc1C(=O)c1ncc1)c1ccccc1                                                                                  ,4.306500000000003,0.7437012725663211,3,0,323.07130636799997
O=C1C(c2cccc(Cl)c2)CCN1c1cncc2ccccc12,4.408700000000003,0.6999261953880773,3,0,322.08729078000005
