smiles,logp,qed,Nacceptors,Ndonners,molwt
O=C1C(c2cccc(Cl)c2)CCN1c1cncc2ccccc12,4.408700000000003,0.6999261953880773,3,0,322.08729078000005
OC1=C(c2cccc(Cl)c2)CCN1c1nccc2ccccc12                                                                                   ,5.025100000000003,0.71891616154929,3,1,322.08729078000005
O=C1C(c2cccc(Cl)c2)CCN1c1cncc2ccccc12                                                                                   ,4.408700000000003,0.6999261953880773,3,0,322.08729078000005
OCC1C(c2cccc(Cl)c2)CCN1c1ncnc2ccccc12                                                                                   ,3.6380000000000017,0.7911666020843936,4,1,339.113839876
OCC1C(c2cccc(Cl)c2)CCN1c1nccc2ccccc12                                                                                   ,4.243000000000003,0.7755010950526299,3,1,338.11859090800004
OCC1C(c2cccc(Cl)c2)CCN1c1nccc2ccccc12                                                                                   ,4.243000000000003,0.7755010950526299,3,1,338.11859090800004
CC(C)(C)[C@H](NC(=O)C(F)(F)F)C(=O)N1C[C@H]2[C@@H]([C@H]1C(=O)N[C@H](C#N)C[C@@H]1CCNC1=O)C2(C)C,1.0971800000000007,0.5037264667056947,9,3,499.240639164
