smiles,logp,qed,Nacceptors,Ndonners,molwt
O=C(CC1CCCCC1)Nc1cccnc1,2.990500000000001,0.8470011524151967,3,1,218.141913196
OC(CC1=CCCCC1)Nc1cccnc1                                                                                                 ,2.702400000000001,0.6030169942375009,3,2,218.141913196
OCC(CC1CCCCC1)Nc1cccnc1                                                                                                 ,2.8248000000000006,0.8231309941614752,3,2,234.173213324
OCC(C)C1C(CC1)Nc1cccnc1                                                                                                 ,1.9004999999999999,0.7905374110462636,3,2,206.141913196
CC(C)(C)[C@H](NC(=O)C(F)(F)F)C(=O)N1C[C@H]2[C@@H]([C@H]1C(=O)N[C@H](C#N)C[C@@H]1CCNC1=O)C2(C)C,1.0971800000000007,0.5037264667056947,9,3,499.240639164
