smiles,logp,qed,Nacceptors,Ndonners,molwt
O=C(Nc1cncc2ccccc12)[C@@H]1CCNc2cc(Cl)c(Cl)cc21,5.079500000000003,0.6597209287605735,4,2,371.05921746
O=C(Nc1cncc2ccccc12)[C@@H]1CC(c2cc(Cl)c(Cl)cc2)N1                                                                       ,4.583300000000003,0.7075492989381174,4,2,371.05921746000007
O=C(O-c2cccc(Cl)c2)C(C1=O)ccc2ccccc12                                                                                   ,3.771300000000002,0.4813868140339441,3,0,298.03967189200006
OCC1C(c2cccc(Cl)c2)C(N1C)c1cc2ccccc12                                                                                   ,3.652700000000002,0.9349827139842715,2,1,311.107691876
O=C1C(c2cccc(Cl)c2)CCN1c1cccc2ccccc12                                                                                   ,5.013700000000004,0.6491313889253723,2,0,321.092041812
O=C1OC(ccccc(Cl)c2)C2N1c1nccc2ccccc12                                                                                   ,4.1773000000000025,0.7900456358573403,4,0,324.066555336
O=C1C(c2cccc(Cl)c2)CCN1c1ncnc2ccccc12                                                                                   ,3.8037000000000027,0.7202436007244851,4,0,323.082539748
O=C1C(c2cccc(Cl)c2)CCN1c1cncc2ccccc12,4.408700000000003,0.6999261953880773,3,0,322.08729078000005
