smiles,logp,qed,Nacceptors,Ndonners,molwt
O=C(Nc1cncc2ccccc12)[C@@H]1CCNc2cc(Cl)c(Cl)cc21,5.079500000000003,0.6597209287605735,4,2,371.05921746
OCC(Nc1cncc2ccccc12)[C@@H]1CONc2cc(Cl)c(Cl)cc21                                                                         ,4.455300000000003,0.6141798451768407,5,3,389.069782144
O/C(Nc1cncc2ccccc12)[C@@H]1C\Nc2cc(Cl)c(Cl)cc21                                                                         ,4.481200000000002,0.6030324629141148,4,3,359.05921746
O=C(CC1CCCCC1)Nc1cccnc1                                                                                                 ,2.990500000000001,0.8470011524151967,3,1,218.141913196
O=C(CC1CCCCC1)Nc1cccnc1                                                                                                 ,2.990500000000001,0.8470011524151967,3,1,218.141913196
O=C(CC1CCCCC1)Nc1cccnc1,2.990500000000001,0.8470011524151967,3,1,218.141913196
