smiles,logp,qed,Nacceptors,Ndonners,molwt
C#CCCCC(=O)N[C@H](C(=O)N[C@H](CC(C)C)C(=O)NN(CCC(N)=O)C(=O)/C=C/C(=O)OC)C(C)(C)C,0.31610000000000493,0.08131314231188806,12,4,535.300598652
OCC(/C(cncc2cccc2o1)[C@@H]1C1/c2ccc(Cl)cc2)N1                                                                           ,2.7686,0.8774393823289396,4,2,328.097855464
O=C(Nc1cncc2ccccc12)[C@@H]1CCOc2ccc(Cl)cc12                                                                             ,4.393000000000003,0.7534186601945831,4,1,338.0822054
OCC(Nc1cncc2ccccc12)[C@@H]1CCOc2ccc(Cl)cc21                                                                             ,4.227300000000003,0.7359072322974991,4,2,354.113505528
O=C(Nc1cncc2ccccc12)[C@@H]1CCOc2ccc(Cl)cc21                                                                             ,4.393000000000003,0.7534186601945831,4,1,338.0822054
O=C(Nc1cncc2ccccc12)[C@@H]1CCOc2ccc(Cl)cc21                                                                             ,4.393000000000003,0.7534186601945831,4,1,338.0822054
O=C(Nc1cncc2ccccc12)[C@@H]1COOc2ccc(Cl)cc21                                                                             ,3.9345000000000026,0.7178604928992056,5,1,340.06146995600005
O=C(Nc1cncc2ccccc12)[C@@H]1CCOc2ccc(Cl)cc21,4.393000000000003,0.7534186601945831,4,1,338.0822054
