smiles,logp,qed,Nacceptors,Ndonners,molwt
N#CC1(CS(=O)(=O)N2Cc3ccc(Cl)cc3[C@H](C(=O)Nc3cncc4ccccc34)C2)CC1,4.059680000000003,0.5927219986950237,7,1,480.102289212
O=C1C(c2cccc(Cl)c2)CCN1c1nccc2ccccc12                                                                                   ,4.408700000000003,0.6999261953880773,3,0,322.08729078000005
OCC1C(c2cccc(Cl)c2)CCN1c1nncc2ccccc12                                                                                   ,3.6380000000000017,0.7911666020843936,4,1,339.113839876
OCC1C(c2cccc(Cl)c2)CCN1c1ncnc2ccccc12                                                                                   ,3.6380000000000017,0.7911666020843936,4,1,339.113839876
O=C1C(c2cccc(Cl)c2)CCN1c1ncnc2ccccc12                                                                                   ,3.8037000000000027,0.7202436007244851,4,0,323.082539748
O=C1C(c2cccc(Cl)c2)CCN1c1cncc2ccccc12                                                                                   ,4.408700000000003,0.6999261953880773,3,0,322.08729078000005
O=C1C(c2cccc(Cl)c2)CCN1c1cncc2ccccc12,4.408700000000003,0.6999261953880773,3,0,322.08729078000005
