smiles,logp,qed,Nacceptors,Ndonners,molwt
CN(C)c1ccc(N(Cc2cccc(Cl)c2)C(=O)Cn2nnc3ccccc32)cc1,4.384100000000004,0.46496202676590287,6,0,419.1512880040001
C[C@H](COCl)NSc1cccc(F)c1C(=O)C             c2cc2n1                                                                     ,3.1839000000000013,0.6401724017702882,3,1,277.033955556
C[C@H](COCC)CCc1cccc(Br)c1                  cn2n2=O)c12                                                                 ,4.054300000000003,0.7579110056815325,1,0,270.061927328
C[C@H]1CCOCCN1c1ccccc1F                                                                                                 ,2.440900000000001,0.7040461769398808,2,0,209.121592352
O=C(NC1CCCCC1)c1ccccn1                                                                                                  ,2.1441,0.8015732883250437,3,1,204.126263132
O=C(CC1CCCCC1)Nc1cccnc1,2.990500000000001,0.8470011524151967,3,1,218.141913196
