smiles,logp,qed,Nacceptors,Ndonners,molwt
O=C1C(c2cccc(Cl)c2)CCN1c1cncc2ccccc12,4.408700000000003,0.6999261953880773,3,0,322.08729078000005
O=C(CSc1ccc(Br)cc1Cl)NCc1ocnc2cccc21                                                                                    ,4.603800000000003,0.623256244166487,4,1,409.94913840400005
O=C(CCCc1cc(Cl)cccc1=O)c1nccc2ccccc12                                                                                   ,4.454000000000003,0.6459075493101172,3,0,337.08695643199997
C[C@H](c1cc(Cl)ccc1Cl)  c1cc2nccccc12                                                                                   ,3.565690000000002,0.6099583806918534,0,0,172.992480584
O=C(NCC1/CCC1)c1ccccc1                                                                                                  ,2.2165,0.7757014784346452,2,1,189.1153641
O=C(NCCC1CCC1)c1cccs1                                                                                                   ,2.668100000000001,0.8112314836309656,2,1,209.0874351
O=C(NN1CCCOC1)c1ccccc1                                                                                                  ,1.0111999999999999,0.7848624918821299,4,1,206.105527688
O=C(CC1CCCCO1)c1ccccc1                                                                                                  ,2.828500000000001,0.7075657037818089,2,0,204.115029752
O=C(CC1CCCCC1)Nc1cccnc1,2.990500000000001,0.8470011524151967,3,1,218.141913196
