smiles,logp,qed,Nacceptors,Ndonners,molwt
O=C(CC1CCCCC1)Nc1cccnc1,2.990500000000001,0.8470011524151967,3,1,218.141913196
C[C@H]1CCCCCC1Cc1ccccc1                                                                                                 ,4.445500000000004,0.6216647400177613,0,0,202.172150704
O=C(CCC1CCC)C1c1ccccc1                                                                                                  ,3.549400000000002,0.732218073702893,1,0,202.135765196
O=C(CCCC1CCC1)c1ccccc1                                                                                                  ,3.8397000000000023,0.6628955933329849,1,0,202.135765196
O=C(NC1CCCCC1)c1ccccc1                                                                                                  ,2.749100000000001,0.7863836286273548,2,1,203.131014164
O=C(NC1CCCCC1)c1ccccc1                                                                                                  ,2.749100000000001,0.7863836286273548,2,1,203.131014164
CC(C)(C)[C@H](NC(=O)C(F)(F)F)C(=O)N1C[C@H]2[C@@H]([C@H]1C(=O)N[C@H](C#N)C[C@@H]1CCNC1=O)C2(C)C,1.0971800000000007,0.5037264667056947,9,3,499.240639164
