smiles,logp,qed,Nacceptors,Ndonners,molwt
O=C(Oc1cncc(Cl)c1)c1cccc2[nH]ccc12,3.435500000000001,0.7272379499441562,4,1,272.035255208
O=C(Cc1cccc(F)c1F)c1cnc2[nH]ccc2c1                                                                                      ,3.2665000000000006,0.7436895165671771,3,1,272.07611937999997
O=C(Nc1cccc(Br)c1)c1ccc2[nH]cccc12                                                                                      ,4.134300000000001,0.7334723830136559,3,2,314.005475072
O=C(Nc1cccc(Br)c1)c1ccc2[nH]cccc12                                                                                      ,4.134300000000001,0.7334723830136559,3,2,314.005475072
O=C(Oc1cccc(F)c1F)c1cccc2[nH]ccc12                                                                                      ,3.665300000000001,0.57153358598994,3,1,273.06013496800006
O=C(Nc1cccc(Cl)c1)c1cc2cc[nH]ccc12                                                                                      ,3.6451800000000016,0.7335341414651836,3,2,270.05599065200005
O=C1C(c2cccc(Cl)c2)CCN1c1cncc2ccccc12,4.408700000000003,0.6999261953880773,3,0,322.08729078000005
