smiles,logp,qed,Nacceptors,Ndonners,molwt
O=C(Oc1cncc(Cl)c1)c1cccc2[nH]ccc12,3.435500000000001,0.7272379499441562,4,1,272.035255208
O=C(NCC1CCCC1)c1ccccccc1                                                                                                ,2.9014000000000015,0.7917928586120747,2,1,229.146664228
O=C(NCCCC1CC1)c1ccccccc1       c1F                                                                                      ,2.9014000000000015,0.7215321841399985,2,1,229.146664228
O=C(NNCN1CC1O)c1ccccc1                                                                                                  ,-0.48749999999999916,0.4603938699566893,5,3,207.100776656
O=C(NCCN1CSC1)c1ccccc1                                                                                                  ,1.3801999999999999,0.8350496475241979,3,1,222.082684068
O=C(N1CCCCCC1)c1ccccc1                                                                                                  ,2.7028000000000008,0.6868772360931699,2,0,203.131014164
O=C(NCC1CCCC1)c1ccccc1                                                                                                  ,2.606600000000001,0.8034651608023179,2,1,203.131014164
O=C(OC1CCCCC1)c1ccccc1                                                                                                  ,3.1761000000000017,0.6914824580867189,2,0,204.115029752
O=C(CC1CCCCC1)Nc1cccnc1,2.990500000000001,0.8470011524151967,3,1,218.141913196
