smiles,logp,qed,Nacceptors,Ndonners,molwt
O=C(Nc1cncc2ccccc12)[C@@H]1CCNc2cc(Cl)c(Cl)cc21,5.079500000000003,0.6597209287605735,4,2,371.05921746
O=C(Nc1ccc2ccccc2c1)[C@@H]1CCNc2cc(C(F)(Cl)c2)C1                                                                        ,4.506400000000004,0.7773913816052762,3,2,356.10916909599996
O=C(Nc1cccc2cccc2c1)[C@H]1CCN(c2ccc(Br)c(F)c2)c1                                                                        ,5.158000000000003,0.6437103883031084,3,1,412.058653516
O=C(NCc1ccc(F)ccc2c1=O)Nc1cnc2ccccc1                                                                                    ,2.5527000000000006,0.7190656586243812,5,2,323.10700490799996
O=C(COc1ccc(F)cc1F)C2=NNc1ncc2cccc1F                                                                                    ,2.5775000000000006,0.9210912829898927,5,1,333.07251121999997
O=C1C(c2cccc(Cl)c2)CCN1c1cncc2ccccc12,4.408700000000003,0.6999261953880773,3,0,322.08729078000005
