smiles,logp,qed,Nacceptors,Ndonners,molwt
O=C(Nc1cncc2ccccc12)[C@@H]1CCNc2cc(Cl)c(Cl)cc21,5.079500000000003,0.6597209287605735,4,2,371.05921746
O=C(Cc1cccc2ccccc12)[C@@H]1CCCc2cc(C(F)(F)c2)C1                                                                         ,5.6433000000000035,0.7072878601722425,1,0,338.1482217
O=C(Cc1ccc2ccccc2c1)[C@H]1CCCCc2ccc(Cl)c(F)c21                                                                          ,6.254100000000004,0.5002097151318882,1,0,366.11867116
O=C(Cc1cccc2ccccc12)[C@@H]1CCCc2ccc(Cl)c(F)c21                                                                          ,5.864000000000003,0.5762699699602525,1,0,352.10302109599996
O=C(Nc1cnc2cccccc12)C[C@H]1CCNc2ccc(Cl)cc2O1                                                                            ,4.431600000000003,0.718345155892472,5,2,367.10875449599996
O=C(Nc1cnc2ccccc2c1)[C@@H]1CCOc2ccc(Cl)cc21                                                                             ,4.393000000000003,0.7534186601945831,4,1,338.0822054
O=C(Nc1cncc2ccccc12)[C@@H]1CCOc2ccc(Cl)cc21,4.393000000000003,0.7534186601945831,4,1,338.0822054
