smiles,logp,qed,Nacceptors,Ndonners,molwt
C#CCCCC(=O)N[C@H](C(=O)N[C@H](CC(C)C)C(=O)NN(CCC(N)=O)C(=O)/C=C/C(=O)OC)C(C)(C)C,0.31610000000000493,0.08131314231188806,12,4,535.300598652
O=C(NC(=O)N1[C@H](C(=O)N[C@@H](C2)N2)C2)N2CC(C(=O)C[C@H]2c1(F)Nc1c(C)c2)c1                                              ,-0.8767999999999985,0.3491566249777867,10,4,404.160831372
O=C(NCC1CCCCC1)c1cccnn1                                                                                                 ,1.7867,0.8427757345078664,4,1,219.137162164
O=C(CC1CCCCC1)Cc1cccnc1                                                                                                 ,3.1636000000000015,0.7750406925753643,2,0,217.146664228
O=C(CC1CCCCCC1)c1ccncn1                                                                                                 ,3.019800000000001,0.5782295139869466,3,0,218.141913196
O=C(CCSC1CCOC1)c1ccccn1                                                                                                 ,2.1765,0.7357761890418099,3,0,237.08234972
O=C(C1C/CCCCC1)c1cccnn1                                                                                                 ,2.6297000000000006,0.5490727284225937,3,0,204.126263132
O=C(CC1CCCCC1)Nc1cccnc1,2.990500000000001,0.8470011524151967,3,1,218.141913196
