smiles,logp,qed,Nacceptors,Ndonners,molwt
C#CCCCC(=O)N[C@H](C(=O)N[C@H](CC(C)C)C(=O)NN(CCC(N)=O)C(=O)/C=C/C(=O)OC)C(C)(C)C,0.31610000000000493,0.08131314231188806,12,4,535.300598652
C=C(Nc1ccc2ccccc2n1)[C@H]1CCCCc2ccc(Cl)cc21                                                                             ,6.324000000000004,0.5596706821760511,2,1,348.139326352
O=C(Cc1cnc2ccccc2c1)[NH+]1CCCCc2ccc(Cl)cc21                                                                             ,3.510200000000002,0.7663222238411188,3,1,351.12586736009
O=C(Nc1cncc2ccccc12)[C@@H]1CCOc2ccc(Cl)cc21,4.393000000000003,0.7534186601945831,4,1,338.0822054
