smiles,logp,qed,Nacceptors,Ndonners,molwt
N#CC1(CS(=O)(=O)N2Cc3ccc(Cl)cc3[C@H](C(=O)Nc3cncc4ccccc34)C2)CC1,4.059680000000003,0.5927219986950237,7,1,480.102289212
O=C(OC1CN1CCC1)Ncccccc1                                                                                                 ,1.7742,0.6325297621430844,4,1,220.121177752
O=C(CCCN1CCCS1)c1ccccc1Br                                                                                               ,3.765900000000003,0.6094662107468599,2,0,313.013597232
O=C(NCCN1CCC1)Nc1ccccc1                                                                                                 ,1.5137999999999996,0.8059533297956782,4,2,219.137162164
O=C(CCC1CCCCC1)c1ccccc1                                                                                                 ,4.229800000000004,0.688252834223044,1,0,216.15141526
O=C(CCC1CCCC1)Nc1ccccc1                                                                                                 ,3.595500000000002,0.8199675733220978,2,1,217.146664228
[C@H]1CCCSCC1CCc1ccccc1                                                                                                 ,3.9666900000000025,0.7410719227706006,0,0,219.120746608
O=C(CC1CCCCC1)Nc1cccnc1,2.990500000000001,0.8470011524151967,3,1,218.141913196
