smiles,logp,qed,Nacceptors,Ndonners,molwt
O=C(Oc1cncc(Cl)c1)c1cccc2[nH]ccc12,3.435500000000001,0.7272379499441562,4,1,272.035255208
O=S(Nc1cccc(Br)c1)c1ccc2c[nH]cc2c1                                                                                      ,4.065100000000002,0.7447035052739238,3,2,333.97754607200005
O=C(Nc1cccc(Br)c1)c1ccc2[nH]cccc12                                                                                      ,4.134300000000001,0.7334723830136559,3,2,314.005475072
O=C(Nc1cccc(Br)c1)c1cccc2[nH]ccc12                                                                                      ,4.182700000000001,0.7318387697428577,3,2,314.005475072
O=C(Nc1cccc(Cl)c1)c1ccc2[nH]nccc12                                                                                      ,3.4202000000000012,0.7502211210179125,4,2,271.05123962
O=C(Nc1ccc(Cl)cc1)c1ccnc2[nH]ncc21                                                                                      ,2.8636,0.753459093964047,5,2,272.046488588
O=C(Nc1ccnc(Cl)c1)c1ccn2sc(CC)nc12                                                                                      ,3.2589000000000015,0.7555903213369766,5,1,306.0342096520001
O=C(Nc1cnc(Cl)cc1)c1ccc2sc(C)ncc12                                                                                      ,3.8570200000000012,0.7314459630213297,4,1,303.02331062
CC(C)(C)[C@H](NC(=O)C(F)(F)F)C(=O)N1C[C@H]2[C@@H]([C@H]1C(=O)N[C@H](C#N)C[C@@H]1CCNC1=O)C2(C)C,1.0971800000000007,0.5037264667056947,9,3,499.240639164
