smiles,logp,qed,Nacceptors,Ndonners,molwt
CN(C)c1ccc(N(Cc2cccc(Cl)c2)C(=O)Cn2nnc3ccccc32)cc1,4.384100000000004,0.46496202676590287,6,0,419.1512880040001
O=C(c1ccccn1)c1ccc(F)S(=O)N1O                                                                                           ,1.3276000000000001,0.8080888181017595,5,1,254.016141304
O=C(Nc1ccccc1)Nc1cccnc1,2.7256,0.8054091984666042,4,2,213.090211972
