smiles,logp,qed,Nacceptors,Ndonners,molwt
CN(C)c1ccc(N(Cc2cccc(Cl)c2)C(=O)Cn2nnc3ccccc32)cc1,4.384100000000004,0.46496202676590287,6,0,419.1512880040001
O=C(NC1CCCCC1)Nc1cc(F)ccc1C          F                                                                                  ,3.588320000000002,0.8270914607286368,3,2,250.148141448
O=C(C1CCCCCN1)c1ccc(I)cc1OCl                                                                                            ,3.538700000000002,0.6447755181155731,3,1,378.9836044
O=C(CC1CCCCC1)Nc1cccnc1,2.990500000000001,0.8470011524151967,3,1,218.141913196
