smiles,logp,qed,Nacceptors,Ndonners,molwt
O=C1C(c2cccc(Cl)c2)CCN1c1cncc2ccccc12,4.408700000000003,0.6999261953880773,3,0,322.08729078000005
O=C(NC1CCCCC1)c1Scc(I)c1                                                                                                ,3.4152000000000022,0.8247808582394229,2,1,334.98408306799996
O=C(CCC1=SCC1)c1ccc1                                                                                                    ,1.8735,0.5160753622746639,1,1,180.060886004
O=C(N1CC1CC1)NCNC(CO)c1                                                                                                 ,-0.5279,0.4975020419780864,5,3,199.132076784
O=C(CC1CCCCC1)Nc1cccnc1,2.990500000000001,0.8470011524151967,3,1,218.141913196
