smiles,logp,qed,Nacceptors,Ndonners,molwt
O=C1C(c2cccc(Cl)c2)CCN1c1cncc2ccccc12,4.408700000000003,0.6999261953880773,3,0,322.08729078000005
O=C(Oc1ccccc1)CNC(=O)C(C)F                                                                                              ,1.0661999999999998,0.6155589232705737,4,1,225.080121464
O=C(c1ccccc1F)NCC[C@H]1cccc1                                                                                            ,2.687800000000001,0.847692691329614,2,1,231.105942288
O=C(Nc1ccccc1)Nc1cccnc1,2.7256,0.8054091984666042,4,2,213.090211972
