smiles,logp,qed,Nacceptors,Ndonners,molwt
CC(C)C[C@H](NC(=O)OCc1ccccc1)C(=O)N[C@@H](CC1CCNC1=O)C(O)S(=O)(=O)O,0.544700000000002,0.28272584145194296,11,5,485.1831859519999
O=C(c1ccccc1Br)c1S(Br)c1 =O)C1                                                                                          ,3.7979000000000003,0.6474158052508273,1,1,319.850610012
O=C(c1ccccc1)S1/CC[nH]1                                                                                                 ,1.3461999999999998,0.6402404675102187,2,2,181.056134972
O=C(Nc1cocn1)N C1(=O)c1  CO                                                                                             ,0.1651999999999999,0.5635384945202067,5,2,127.0381764
O=C(Nc1ccccc1)Nc1cccnc1,2.7256,0.8054091984666042,4,2,213.090211972
