smiles,logp,qed,Nacceptors,Ndonners,molwt
O=C(Oc1cncc(Cl)c1)c1cccc2[nH]ccc12,3.435500000000001,0.7272379499441562,4,1,272.035255208
O=C(c1ncc(Br)cc1)Nc1ccccc1Cl                                                                                            ,3.7498000000000014,0.9175105327480615,3,1,309.950852656
O=C(c1ccc(Br)cc1F)N1CC(=O)OC1                                                                                           ,1.5447,0.7364632280498242,4,0,286.959333404
O=C(Nc1ccc(Cl)cc12)NC[C@@H]1Sc1ccc(F)cc2F                                                                               ,4.638200000000001,0.6755316360141618,3,2,340.024868092
O=C(Cc1cnc2ccccc2c1)[C@@H](N)c1ccccc1                                                                                   ,3.046400000000001,0.7964872878802922,3,1,276.12626313199996
O=C(Nc1cncc2ccccc12)[C@@H]1CCOc2ccc(Cl)cc21,4.393000000000003,0.7534186601945831,4,1,338.0822054
