smiles,logp,qed,Nacceptors,Ndonners,molwt
CC(C)C[C@H](NC(=O)OCc1ccccc1)C(=O)N[C@@H](CC1CCNC1=O)C(O)S(=O)(=O)O,0.544700000000002,0.28272584145194296,11,5,485.1831859519999
C[C@]1[C@H](S(=O)CCCS(=O)[N+])cc1                                                                                       ,0.39039,0.6700362713784817,3,0,218.03039704409
O[NH+][C@H](C(=O)N1C)C(=O)NC1 Cc1nc1c(Br)C(=O                                                                           ,-3.360899999999999,0.27572630255393926,6,3,159.06384256809
O=C(CC1CCCCC1)Nc1cccnc1,2.990500000000001,0.8470011524151967,3,1,218.141913196
