smiles,logp,qed,Nacceptors,Ndonners,molwt
O=C(Oc1cncc(Cl)c1)c1cccc2[nH]ccc12,3.435500000000001,0.7272379499441562,4,1,272.035255208
O=C(c1ccc(Cl)cn1)Nc1ccccc1  c1c1cnc1                                                                                    ,2.9873000000000003,0.8650313700391321,3,1,232.040340588
O=C(c1ccc(Br)cc1)Cc1ccccc1Cl                                                                                            ,4.5279000000000025,0.7614445445978121,1,0,307.96035472
O=C(c1ccc(Br)CC1)Nc1ccccc1Br                                                                                            ,4.386600000000001,0.8361617666905851,2,1,354.9207381720001
CN(C)c1ccc(N(Cc2cccc(Cl)c2)C(=O)Cn2nnc3ccccc32)cc1,4.384100000000004,0.46496202676590287,6,0,419.1512880040001
