smiles,logp,qed,Nacceptors,Ndonners,molwt
O=C(Nc1cncc2ccccc12)[C@@H]1CCNc2cc(Cl)c(Cl)cc21,5.079500000000003,0.6597209287605735,4,2,371.05921746
O=C(c1cc[nH]ccc1)c1c(C)[C@H]1 c1ccccc1                                                                                  ,1.64689,0.6857526300960096,2,1,172.07623894
O=C(c1ccccc1n1)Nc1S(S)[O-]     c1                                                                                       ,1.2584,0.39007017607617145,4,3,226.99544304391
O=CCc1ccccc1S(C)S(=O)(F)CCCNC(C)(F)F                                                                                    ,2.8265000000000002,0.15904424474648654,3,3,357.104405604
O=C(c1ccccc1F)NC1cccn1  c1                                                                                              ,1.5222,0.7792421445551941,3,1,204.069891128
O=C(Nc1ccccc1)Nc1cccnc1,2.7256,0.8054091984666042,4,2,213.090211972
