smiles,logp,qed,Nacceptors,Ndonners,molwt
O=C(Oc1cncc(Cl)c1)c1cccc2[nH]ccc12,3.435500000000001,0.7272379499441562,4,1,272.035255208
O=C(c1ccc(Br)occ1)c1ccccc1I                                                                                             ,4.180500000000001,0.5475133750457675,2,0,401.875239596
O=C(c1ccnc(Cl)c1)Nc1ccccc1                                                                                              ,2.9873000000000003,0.8092025571160665,3,1,232.040340588
O=C(c1ccc(Br)cc1)Nc1ccccc1                                                                                              ,3.7014000000000014,0.8898045768165618,2,1,274.99457604
O=C(Nn1cnnc1NCNC1nc(F)cc1F)C(F)F                                                                                        ,0.13339999999999957,0.5128070944430855,8,3,307.080470788
O=C(Nc1ccccc1)Nc1cccnc1,2.7256,0.8054091984666042,4,2,213.090211972
