smiles,logp,qed,Nacceptors,Ndonners,molwt
O=C(Nc1cncc2ccccc12)[C@@H]1CCNc2cc(Cl)c(Cl)cc21,5.079500000000003,0.6597209287605735,4,2,371.05921746
O=C(c1cccc2ccccc12)CN=C/C/NCCc1ccccc1                                                                                   ,3.925600000000003,0.3862226678015518,3,1,330.17321332399996
C[C@@](CCC1\CS(=O)C1)C(=O)N1\CS(=O)(=O)[NH+]c1                                                                          ,-1.8243099999999965,0.6607595770508013,6,1,293.06242544409
CC(C)(C)[C@H](NC(=O)C(F)(F)F)C(=O)N1C[C@H]2[C@@H]([C@H]1C(=O)N[C@H](C#N)C[C@@H]1CCNC1=O)C2(C)C,1.0971800000000007,0.5037264667056947,9,3,499.240639164
