smiles,logp,qed,Nacceptors,Ndonners,molwt
N#CC1(CS(=O)(=O)N2Cc3ccc(Cl)cc3[C@H](C(=O)Nc3cncc4ccccc34)C2)CC1,4.059680000000003,0.5927219986950237,7,1,480.102289212
O=C(NCCC1CCO1)NCNC(=O)c1CCC1                                                                                            ,0.33839999999999915,0.5987063357606734,6,3,255.158291532
O=C(CC1COCCOC1)c1ccc(=O)c1                                                                                              ,0.6738999999999999,0.7040660458830105,4,0,222.089208928
O=C(N1COCCCCC1=SCCSCOCOCCO)CC(F)F                                                                                       ,1.8972999999999995,0.23772659392238674,6,2,403.12987140399997
O=C(CC1CCCCC1)Nc1cccnc1,2.990500000000001,0.8470011524151967,3,1,218.141913196
