smiles,logp,qed,Nacceptors,Ndonners,molwt
O=C(Oc1cncc(Cl)c1)c1cccc2[nH]ccc12,3.435500000000001,0.7272379499441562,4,1,272.035255208
O=C(c1ccc(Br)cc1)Oc1ccsccc1                                                                                             ,4.264000000000002,0.7634518299980371,2,0,307.95066262800003
O=C(c1ccccc(I)cc1)NC(C)[O-]                                                                                             ,1.1802,0.6143313820079469,3,1,315.98400017191
O=C1C(c2cccc(Cl)c2)CCN1c1cncc2ccccc12,4.408700000000003,0.6999261953880773,3,0,322.08729078000005
