smiles,logp,qed,Nacceptors,Ndonners,molwt
O=C(Oc1cncc(Cl)c1)c1cccc2[nH]ccc12,3.435500000000001,0.7272379499441562,4,1,272.035255208
O=C(c1ccc(Cl)cc1)Nc1ccccn1                                                                                              ,2.9873000000000003,0.8650313700391322,3,1,232.040340588
O=C(Nc1cc[C@H]c1)Nc1ccccc1                                                                                              ,2.4660900000000003,0.7543408665460819,3,2,199.087137972
O=C(CC1OCCCCCC1)C1S(F)c1                                                                                                ,2.562800000000001,0.5997852215752542,2,1,234.108979068
O=C(NC1CCCSC1)Cc1ccccn1                                                                                                 ,1.6358999999999997,0.867146254949643,3,1,236.098334132
O=C(NC1CCCCCC1)c1ccccn1                                                                                                 ,2.5342000000000002,0.7749718243086745,3,1,218.141913196
O=C(CC1CCCCC1)Nc1cccnc1,2.990500000000001,0.8470011524151967,3,1,218.141913196
