smiles,logp,qed,Nacceptors,Ndonners,molwt
O=C(Nc1cncc2ccccc12)[C@@H]1CCOc2ccc(Cl)cc21,4.393000000000003,0.7534186601945831,4,1,338.0822054
OCC(Nc1nccc2ccccc12)[C@@H]1CCOc2ccc(Cl)cc21                                                                             ,4.227300000000003,0.7359072322974991,4,2,354.113505528
O=C(Nc1ncnc2ccccc12)[C@@H]1CCCc2ccc(Cl)cc21                                                                             ,4.341800000000003,0.7563293386876397,4,1,337.098189812
OCC(Nc1ncnc2ccccc12)[C@@H]1CCOc2ccc(Cl)cc21                                                                             ,3.6223000000000027,0.7477759343723526,5,2,355.10875449599996
CC(C)(C)[C@H](NC(=O)C(F)(F)F)C(=O)N1C[C@H]2[C@@H]([C@H]1C(=O)N[C@H](C#N)C[C@@H]1CCNC1=O)C2(C)C,1.0971800000000007,0.5037264667056947,9,3,499.240639164
