smiles,logp,qed,Nacceptors,Ndonners,molwt
O=C1C(c2cccc(Cl)c2)CCN1c1cncc2ccccc12,4.408700000000003,0.6999261953880773,3,0,322.08729078000005
OCC1(Cc2cccc(Cl)c2)CC1Cc1cncc2ccccc12                                                                                   ,4.672000000000004,0.733408125853703,2,1,337.12334194
OC1=C(c2cccc(Cl)c2)CCN1c1cncc2ccccc12                                                                                   ,5.025100000000003,0.71891616154929,3,1,322.08729078000005
Oc1=C(c2cccc(Cl)c2)CCN1c1cncc2ccccc12                                                                                   ,5.025100000000003,0.71891616154929,3,1,322.08729078000005
CC(C)(C)[C@H](NC(=O)C(F)(F)F)C(=O)N1C[C@H]2[C@@H]([C@H]1C(=O)N[C@H](C#N)C[C@@H]1CCNC1=O)C2(C)C,1.0971800000000007,0.5037264667056947,9,3,499.240639164
