smiles,logp,qed,Nacceptors,Ndonners,molwt
N#CC1(CS(=O)(=O)N2Cc3ccc(Cl)cc3[C@H](C(=O)Nc3cncc4ccccc34)C2)CC1,4.059680000000003,0.5927219986950237,7,1,480.102289212
OCC(Nc1ncnc2ccccc12)O[C@H]1CCOc2ccc(Cl)cc21                                                                             ,3.5539000000000023,0.6677807545222951,6,2,371.103669116
O=C(Nc1ncnc2ccccc12)[C@@H]1CCOc2ccc(Cl)cc21                                                                             ,3.788000000000002,0.7711859470603258,5,1,339.07745436799996
OCC(Nc1ncnc2ccccc12)[C@@H]1CCOc2ccc(Cl)cc21                                                                             ,3.6223000000000027,0.7477759343723526,5,2,355.10875449599996
OCC(Nc1nccc2ccccc12)[C@@H]1CCOc2ccc(Cl)cc2C1                                                                            ,4.302400000000003,0.7204093403977623,4,2,368.129155592
O=C(Nc1ncnc2ccccc12)[C@@H]1CCOc2ccc(Cl)cc21                                                                             ,3.788000000000002,0.7711859470603258,5,1,339.07745436799996
OCC(Nc1ccnc2ccccc12)[C@@H]1CCOc2ccc(Cl)cc21                                                                             ,4.227300000000003,0.7359072322974991,4,2,354.113505528
O=C(Nc1cncc2ccccc12)[C@@H]1CCOc2ccc(Cl)cc21,4.393000000000003,0.7534186601945831,4,1,338.0822054
