smiles,logp,qed,Nacceptors,Ndonners,molwt
N#CC1(CS(=O)(=O)N2Cc3ccc(Cl)cc3[C@H](C(=O)Nc3cncc4ccccc34)C2)CC1,4.059680000000003,0.5927219986950237,7,1,480.102289212
O=C1C(c2cccc(Cl)c2)CCN1c1cncc2ccccc12                                                                                   ,4.408700000000003,0.6999261953880773,3,0,322.08729078000005
OCC1(Cc2cccc(Cl)c2)CCN1c1cncc2ccccc12                                                                                   ,4.0721000000000025,0.7785988752647529,3,1,338.11859090800004
O=C1C(c2cccc(Cl)c2)CCN1c1cncc2ccccc12                                                                                   ,4.408700000000003,0.6999261953880773,3,0,322.08729078000005
O=C1C(c2cccc(Cl)c2)CCN1c1cncc2ccccc12,4.408700000000003,0.6999261953880773,3,0,322.08729078000005
