smiles,logp,qed,Nacceptors,Ndonners,molwt
N#CC1(CS(=O)(=O)N2Cc3ccc(Cl)cc3[C@H](C(=O)Nc3cncc4ccccc34)C2)CC1,4.059680000000003,0.5927219986950237,7,1,480.102289212
FN(C)c1ccc(N(Cc2cccc(Cl)c2)C(=O)Cn2nnc3ccccc32)cc1                                                                      ,4.638800000000003,0.423869079249776,6,0,423.1262161280001
CN(C)c1ccc(N(Cc2cccc(Cl)c2)C(=O)Cn2nnc3ccccc32)cc1,4.384100000000004,0.46496202676590287,6,0,419.1512880040001
