smiles,logp,qed,Nacceptors,Ndonners,molwt
CC(C)C[C@H](NC(=O)OCc1ccccc1)C(=O)N[C@@H](CC1CCNC1=O)C(O)S(=O)(=O)O,0.544700000000002,0.28272584145194296,11,5,485.1831859519999
CCC(CC[C@H](C(C)O)O-c1ccccc1)C(=O)N[C@@H]1CC2Cc1C(=O)C(=O)[C@@H](C)[C@@H]2                                              ,3.1243900000000018,0.5897356734769643,6,2,428.24369818799994
OCC1C(c2cccc(Cl)c2)CC1Cc1cnccc1F                                                                                        ,3.828800000000003,0.9310368559811424,2,1,305.098270064
OC1=C(c2cccc(Cl)c2)CCN1c1cncc2ccccc12                                                                                   ,5.025100000000003,0.71891616154929,3,1,322.08729078000005
O=C1C(c2cccc(Cl)c2)CCN1c1cncc2ccccc12,4.408700000000003,0.6999261953880773,3,0,322.08729078000005
