smiles,logp,qed,Nacceptors,Ndonners,molwt
C#CCCCC(=O)N[C@H](C(=O)N[C@H](CC(C)C)C(=O)NN(CCC(N)=O)C(=O)/C=C/C(=O)OC)C(C)(C)C,0.31610000000000493,0.08131314231188806,12,4,535.300598652
O=C1C(c2cccc(Cl)c2)CCN1c1cncc2ccccc12                                                                                   ,4.408700000000003,0.6999261953880773,3,0,322.08729078000005
OC1=C(c2cccc(Cl)c2)CCN1c1cncc2ccccc12                                                                                   ,5.025100000000003,0.71891616154929,3,1,322.08729078000005
O=C1C(c2cccc(Cl)c2)CCN1c1cncc2ccccc12                                                                                   ,4.408700000000003,0.6999261953880773,3,0,322.08729078000005
O=C1C(c2cccc(Cl)c2)CCN1c1cccc2ccccc12                                                                                   ,5.013700000000004,0.6491313889253723,2,0,321.092041812
O=C1C(c2cccc(Cl)c2)CCN1c1cncc2ccccc12,4.408700000000003,0.6999261953880773,3,0,322.08729078000005
