smiles,logp,qed,Nacceptors,Ndonners,molwt
O=C(Nc1cncc2ccccc12)[C@@H]1CCOc2ccc(Cl)cc21,4.393000000000003,0.7534186601945831,4,1,338.0822054
C[C@@H](CC1)ccc(F)n1                                                                                                    ,1.9504,0.4713039056969845,1,0,127.07972754
C[C@@H](O)c1cnncnnc1                                                                                                    ,0.7310000000000001,0.5907712472334472,5,1,152.069810876
CS[C@H]1C#CCC1Cc1cocc1                                                                                                  ,2.577000000000001,0.6827607296388565,1,0,192.060886004
O=C(CC1CCCCC1)Nc1cccnc1,2.990500000000001,0.8470011524151967,3,1,218.141913196
