smiles,logp,qed,Nacceptors,Ndonners,molwt
O=C1C(c2cccc(Cl)c2)CCN1c1cncc2ccccc12,4.408700000000003,0.6999261953880773,3,0,322.08729078000005
O=C(Oc1ccccc1c1CCS(F)sc1)C1CCCOCCC1                                                                                     ,5.077300000000004,0.34838741860423544,3,1,370.107264816
O=CC(Occ(Cl)n1CCl)ccso1                                                                                                 ,2.2136000000000005,0.3275926725321229,4,0,254.952369444
CN(CCc1ccncc1F)CCc1cnn1                                                                                                 ,2.3923000000000005,0.7579215455419187,4,0,234.12807469999998
O=C(Nc1ccccc1)Nc1cccnc1,2.7256,0.8054091984666042,4,2,213.090211972
