smiles,logp,qed,Nacceptors,Ndonners,molwt
O=C(Nc1cncc2ccccc12)[C@@H]1CCOc2ccc(Cl)cc21,4.393000000000003,0.7534186601945831,4,1,338.0822054
O=CCCc1cccc(Cl)c1Cl                                                                                                     ,3.124900000000002,0.6893660323749807,1,0,201.995220236
O=CCOOc1cccc(Cl)c1                                                                                                      ,1.8493,0.31165349129876446,3,0,186.008371764
O=C(Nc1ccccc1F)c1ncnnn1                                                                                                 ,0.6579999999999998,0.8018439589591668,6,1,219.055638032
O=C(Nc1ccccc1)Nc1cccnc1,2.7256,0.8054091984666042,4,2,213.090211972
