smiles,logp,qed,Nacceptors,Ndonners,molwt
CN(C)c1ccc(N(Cc2cccc(Cl)c2)C(=O)Cn2nnc3ccccc32)cc1,4.384100000000004,0.46496202676590287,6,0,419.1512880040001
N=C(Ncccccc1F)CCcccccc1                                                                                                 ,3.938970000000003,0.6649009505507948,2,2,244.137576764
O=C(Oc1ccncc1F)c1ccccc1F                                                                                                ,2.5790000000000006,0.7507883907687898,3,0,235.044484904
O=C(Nc1ccccc1)Nc1cccnc1,2.7256,0.8054091984666042,4,2,213.090211972
