smiles,logp,qed,Nacceptors,Ndonners,molwt
O=C1C(c2cccc(Cl)c2)CCN1c1cncc2ccccc12,4.408700000000003,0.6999261953880773,3,0,322.08729078000005
C[C@@H](CCCO)CNc1ccccc1        C                                                                                        ,2.5071000000000003,0.7272401320214943,2,2,193.146664228
C[C@H]1C[NH+]1Cc1ccccc1                                                                                                 ,0.4735999999999994,0.5816105910670925,1,1,148.11207586809
O=C(CC1CCCCC1)Nc1cccnc1,2.990500000000001,0.8470011524151967,3,1,218.141913196
