smiles,logp,qed,Nacceptors,Ndonners,molwt
O=C(Nc1ccccc1)Nc1cccnc1,2.7256,0.8054091984666042,4,2,213.090211972
O=C(Cc1cncnc1)CCc1ccccn1                                                                                                ,1.616,0.7783953760607784,4,0,227.105862036
CC(C)(C)[C@H](NC(=O)C(F)(F)F)C(=O)N1C[C@H]2[C@@H]([C@H]1C(=O)N[C@H](C#N)C[C@@H]1CCNC1=O)C2(C)C,1.0971800000000007,0.5037264667056947,9,3,499.240639164
