smiles,logp,qed,Nacceptors,Ndonners,molwt
O=C(Nc1cncc2ccccc12)[C@@H]1CCNc2cc(Cl)c(Cl)cc21,5.079500000000003,0.6597209287605735,4,2,371.05921746
O[C@@H](O)c1ccc(Cl)C1    CC [C@   (CC3F)C1                                                                              ,0.7499,0.5363328952450043,2,2,146.013457144
C[C@H](CO)c1cc(F)c1            C(C                                                                                      ,1.4082,0.5957178920075077,1,1,128.063743128
CO[C@H](NO)c1ccccc1F                                                                                                    ,1.4495000000000002,0.5338831489990586,3,2,171.06955678
C[C@@H](Br)Nc1ccncc1C                                                                                                   ,2.5428200000000007,0.6052402703507264,2,1,214.010560452
C[C@@H](CC)CN1cccccc1                                                                                                   ,2.931700000000001,0.6180088494622014,1,0,163.136099544
C[N+]1CSC(=O)C1c1ccc1F                                                                                                  ,1.1491999999999998,0.5718480981292657,2,0,185.03051451609
[C@@H]1CCCOCCN1c1cccs1                                                                                                  ,2.5266900000000003,0.6840629237232648,2,0,196.079610068
O=C(CC1CCCCC1)Nc1cccnc1,2.990500000000001,0.8470011524151967,3,1,218.141913196
