smiles,logp,qed,Nacceptors,Ndonners,molwt
O=C(Oc1cncc(Cl)c1)c1cccc2[nH]ccc12,3.435500000000001,0.7272379499441562,4,1,272.035255208
O=C(CCccccccc2F)N1c2cc(Cl)NCC(F)cc1                                                                                     ,3.993700000000003,0.6771968002272784,3,1,338.09974728400005
O=C(Nc1ccccc1F)Cc1nccs1                                                                                                 ,2.463400000000001,0.8890479430175205,3,1,236.041962128
O=C(Nc1ccccc1)Nc1cccnc1,2.7256,0.8054091984666042,4,2,213.090211972
