smiles,logp,qed,Nacceptors,Ndonners,molwt
O=C(Nc1cncc2ccccc12)[C@@H]1CCNc2cc(Cl)c(Cl)cc21,5.079500000000003,0.6597209287605735,4,2,371.05921746
O=C(CCc1ccc1c1F)ccccc1                                                                                                  ,3.1815000000000015,0.5892403369742144,1,0,202.079393192
O=C(Cc1ccccc1F)c1ccccn1                                                                                                 ,2.6461000000000006,0.7365579759514023,2,0,215.07464216
O=C(Nc1ccccc1)Nc1cccnc1,2.7256,0.8054091984666042,4,2,213.090211972
