smiles,logp,qed,Nacceptors,Ndonners,molwt
CC(C)C[C@H](NC(=O)OCc1ccccc1)C(=O)N[C@@H](CC1CCNC1=O)C(O)S(=O)(=O)O,0.544700000000002,0.28272584145194296,11,5,485.1831859519999
O=C(Nc1ccccc1)Nc1cccnc1,2.7256,0.8054091984666042,4,2,213.090211972
