smiles,logp,qed,Nacceptors,Ndonners,molwt
N#CC1(CS(=O)(=O)N2Cc3ccc(Cl)cc3[C@H](C(=O)Nc3cncc4ccccc34)C2)CC1,4.059680000000003,0.5927219986950237,7,1,480.102289212
C[C@H]1CC[C@H]1c1ccccc1F                                                                                                ,3.3392000000000017,0.596812624729128,0,0,164.100128636
C[NH+]1S[C@@H]1c1ncccc1                                                                                                 ,0.2567000000000001,0.4602267447629071,2,1,153.04809570809
O=C(CC1CCCCC1)Nc1cccnc1,2.990500000000001,0.8470011524151967,3,1,218.141913196
