smiles,logp,qed,Nacceptors,Ndonners,molwt
CC(C)C[C@H](NC(=O)OCc1ccccc1)C(=O)N[C@@H](CC1CCNC1=O)C(O)S(=O)(=O)O,0.544700000000002,0.28272584145194296,11,5,485.1831859519999
N/C(Cc1ccc(Cl)cc1F)Nc1cccc(F)ccc1                                                                                       ,3.7593000000000023,0.8312207259980664,2,2,308.0891826
O=C(CCcc(F)ccc1nn12)cs1nc(Cl)ccccc2c1                                                                                   ,3.9788000000000023,0.6208363121154623,4,0,349.04518893600005
O=C1C(c2cccc(Cl)c2)CCN1c1cncc2ccccc12,4.408700000000003,0.6999261953880773,3,0,322.08729078000005
