smiles,logp,qed,Nacceptors,Ndonners,molwt
O=C1C(c2cccc(Cl)c2)CCN1c1cncc2ccccc12,4.408700000000003,0.6999261953880773,3,0,322.08729078000005
O=C(NC1CCCCC1)Nc1ccccc1                                                                                                 ,3.1408000000000014,0.7862837614406721,3,2,218.141913196
O=C(NCC1CCCC1)Nc1ccccc1  1                                                                                              ,2.9983000000000013,0.8041500084425071,3,2,218.141913196
O=C(CC1CCCCC1)Nc1cccnc1,2.990500000000001,0.8470011524151967,3,1,218.141913196
