smiles,logp,qed,Nacceptors,Ndonners,molwt
CN(C)c1ccc(N(Cc2cccc(Cl)c2)C(=O)Cn2nnc3ccccc32)cc1,4.384100000000004,0.46496202676590287,6,0,419.1512880040001
CC(COc1ccncc1)c1cc(C)c1                                                                                                 ,2.982800000000001,0.7467415810913917,2,0,201.1153641
O=C(Cc1ccccc1)Nc1ccc1                                                                                                   ,1.799,0.7639516710745233,2,1,185.084063972
O=C(Cc1ccncc1F)c1cnccc1                                                                                                 ,2.0411,0.7371837827020236,3,0,216.069891128
O=C(Nc1ccccc1)c1cccscccc1c1ccc(C)c(F)ccccc1                                                                             ,7.363720000000005,0.47546994010315735,2,1,415.140613544
O=C(Nc1ccccc1)Nc1cccnc1,2.7256,0.8054091984666042,4,2,213.090211972
