smiles,logp,qed,Nacceptors,Ndonners,molwt
O=C(Nc1cncc2ccccc12)[C@@H]1CCOc2ccc(Cl)cc21,4.393000000000003,0.7534186601945831,4,1,338.0822054
O=C(Cn1ccc2cccnc12)C[C@H]1CN(c2cccc(F)c2)C1                                                                             ,3.2710000000000017,0.7231397147169711,4,0,323.143390416
CC(C)(C)[C@H](NC(=O)C(F)(F)F)C(=O)N1C[C@H]2[C@@H]([C@H]1C(=O)N[C@H](C#N)C[C@@H]1CCNC1=O)C2(C)C,1.0971800000000007,0.5037264667056947,9,3,499.240639164
