smiles,logp,qed,Nacceptors,Ndonners,molwt
O=C1C(c2cccc(Cl)c2)CCN1c1cncc2ccccc12,4.408700000000003,0.6999261953880773,3,0,322.08729078000005
O=C(Nc1ccccc1)SCC(=O)N                                                                                                  ,1.4369999999999998,0.7924082779782803,4,2,210.04629856
O=C(Nc1ccccc1F)c1ccccn1                                                                                                 ,2.473,0.8373960269009822,3,1,216.069891128
O=C(Nc1cccnc1)Cc1ccnnc1                                                                                                 ,1.0528,0.828850409264381,5,1,214.08546094
O=C(Nc1ccccc1)Nc1cccnc1,2.7256,0.8054091984666042,4,2,213.090211972
