smiles,logp,qed,Nacceptors,Ndonners,molwt
O=C(Nc1cncc2ccccc12)[C@@H]1CCOc2ccc(Cl)cc21,4.393000000000003,0.7534186601945831,4,1,338.0822054
O=C(Nc1cnccc1Cl)s1n(Cl)C1                                                                                               ,2.6100000000000003,0.45845815857886146,4,2,250.968688204
O=C(Nc1ccccc1)Nc1ccccn1                                                                                                 ,2.7256,0.8054091984666042,4,2,213.090211972
O=C(Cc1ccccc1F)c1ccccc1                                                                                                 ,3.251100000000002,0.716616931063066,1,0,214.079393192
O=C(Nc1ccccc1)Nc1ccccn1                                                                                                 ,2.7256,0.8054091984666042,4,2,213.090211972
O=C(Nc1ccccc1)Nc1cccnc1,2.7256,0.8054091984666042,4,2,213.090211972
