smiles,logp,qed,Nacceptors,Ndonners,molwt
CN(C)c1ccc(N(Cc2cccc(Cl)c2)C(=O)Cn2nnc3ccccc32)cc1,4.384100000000004,0.46496202676590287,6,0,419.1512880040001
O=C(CCCCC(=O)O)c1ccccc1                                                                                                 ,2.5143000000000013,0.574380593268222,3,1,206.094294308
O=C(CC1CCOCC1)Cc1ccccc1                  c12                                                                            ,2.6149000000000004,0.7761748452016629,2,0,218.130679816
O=C(CC1CNCn1O)NC1cccc1                                                                                                  ,-0.392199999999999,0.5919741662405268,5,3,209.11642672
O=C(NCCCNCCC1)NCcccccc1                                                                                                 ,1.7276999999999996,0.6121640200439733,4,3,249.18411235599999
O=C(NCC1CCCO1)Nc1ccccc1                                                                                                 ,1.9870999999999999,0.8180234967921619,4,2,220.121177752
O=C(CC1CCCCC1)Nc1cccnc1,2.990500000000001,0.8470011524151967,3,1,218.141913196
