smiles,logp,qed,Nacceptors,Ndonners,molwt
O=C(Nc1cncc2ccccc12)[C@@H]1CCOc2ccc(Cl)cc21,4.393000000000003,0.7534186601945831,4,1,338.0822054
O=C(CCCC1COCC1)c1ccccn1                                                                                                 ,2.4711000000000007,0.7140331672511266,3,0,219.125928784
O=C(CCCC1CCCC1)c1ccccc1CC                                                                                               ,4.792200000000004,0.6573273687213426,1,0,244.182715388
O=C(CCC1CCCO1)Nc1ccccc1Cc1cscn1                                                                                         ,3.6316000000000024,0.8851040967669244,4,1,316.12454888
O=C(CC1CCCCC1)Nc1cccnc1,2.990500000000001,0.8470011524151967,3,1,218.141913196
