smiles,logp,qed,Nacceptors,Ndonners,molwt
O=C(CC1CCCCC1)Nc1cccnc1,2.990500000000001,0.8470011524151967,3,1,218.141913196
O=C(NCC1CCOC1)Nc1cccnc1                                                                                                 ,1.2396000000000003,0.8067683790686883,5,2,221.11642672
O=C(NCC1CCCO)C1CC(=O)CCN       ccnc2c2)c1                                                                               ,-0.5708999999999993,0.5437934623115381,5,3,228.1473925
CC(C)(C)[C@H](NC(=O)C(F)(F)F)C(=O)N1C[C@H]2[C@@H]([C@H]1C(=O)N[C@H](C#N)C[C@@H]1CCNC1=O)C2(C)C,1.0971800000000007,0.5037264667056947,9,3,499.240639164
