smiles,logp,qed,Nacceptors,Ndonners,molwt
O=C(Nc1cncc2ccccc12)[C@@H]1CCNc2cc(Cl)c(Cl)cc21,5.079500000000003,0.6597209287605735,4,2,371.05921746
O=C(Oc1ccc2ccccn12)[C@@H]1CCOc2cccc(F)ccc21                                                                             ,4.114700000000004,0.7742653294480395,4,0,337.111421592
O=C(c1cccc2ccccc12)[C@@H]1CCOc2cccc(F)c(F)C21                                                                           ,5.279500000000003,0.6965198839376804,2,0,338.111836192
O=C(Cc1ccc2ccccc22)[C@@H]1CN(Cc2ccc(Br)c21)C1C2                                                                         ,2.4399000000000006,0.6893598255915789,2,0,379.057176296
O=C(Nc1ccc2c(ccc12)[C@@H+]1CCOc2ccc(F)cc2)C1                                                                            ,3.421000000000002,0.8655423690941564,3,1,309.11595839208996
O=C(Nc1cnc2c(ccc12)NC(C)N1CCCOc2ccc(F)cc2)C1                                                                            ,2.0819,0.7813634132641546,6,2,368.164854132
O=C(Nc1cncc2ccccc12)[C@@H]1CCOc2ccc(Cl)cc21,4.393000000000003,0.7534186601945831,4,1,338.0822054
