smiles,logp,qed,Nacceptors,Ndonners,molwt
CC(C)C[C@H](NC(=O)OCc1ccccc1)C(=O)N[C@@H](CC1CCNC1=O)C(O)S(=O)(=O)O,0.544700000000002,0.28272584145194296,11,5,485.1831859519999
O=C(Cc1ccccc1)NCCc1ccsc1F                                                                                               ,2.7886000000000006,0.882707245125195,2,1,263.078013288
O=C(Nc1ccccc1)NCCc1ccc1                                                                                                 ,2.694400000000001,0.7945210469065399,3,2,214.110613068
O=C(Nc1ccnnc1F)c1ccccn1                                                                                                 ,1.263,0.8235156025539011,5,1,218.060389064
O=C(Nc1ccccc1)Nc1cccnc1,2.7256,0.8054091984666042,4,2,213.090211972
