smiles,logp,qed,Nacceptors,Ndonners,molwt
O=C(Oc1cncc(Cl)c1)c1cccc2[nH]ccc12,3.435500000000001,0.7272379499441562,4,1,272.035255208
O=C(NCCC(CCO)COC)c1nnc1                                                                                                 ,-0.4218999999999997,0.5903511964841812,6,2,227.126991404
O=C(CCCNC(=O)C1=O)cccc1                                                                                                 ,0.14699999999999985,0.5567251775871521,4,1,193.073893212
O=C(F)CN1COCCC1C(F) Cl)CC1                                                                                              ,0.5004000000000001,0.5907147720769766,3,0,179.075785032
O=C(NCCCNC1C)CC1 c1 nc1)c1cccc12                                                                                        ,0.2645999999999997,0.5281355513989161,3,2,156.126263132
O=C(NCCCCCCCCC)c1ccncc1                                                                                                 ,3.562000000000003,0.6788465745416286,3,1,248.188863388
O=C(CC1CCCCC1)Nc1cccnc1,2.990500000000001,0.8470011524151967,3,1,218.141913196
