smiles,logp,qed,Nacceptors,Ndonners,molwt
O=C(Nc1cncc2ccccc12)[C@@H]1CCNc2cc(Cl)c(Cl)cc21,5.079500000000003,0.6597209287605735,4,2,371.05921746
O=C(Nc1cc2cccc2c1CCC(=O)/NCO)c2c1cc(F)ccc2c1C                                                                           ,2.689000000000001,0.6220872355814245,5,3,378.13797068800005
O=C(Nc1cnccc1Cl)c1C[C@H]1 =O)c1c2cc(Cl)ccc21                                                                            ,1.89769,0.7833718259856539,3,1,195.032515556
O=C(Cc1ccccn1)N(C)C(=O)C1cc1                                                                                            ,0.7950999999999999,0.7019431390566344,4,0,216.089877624
O=C(Nc1ccccc1)Sc1ncccc1                                                                                                 ,3.405800000000001,0.8037788417750575,3,1,230.05138394
O=C(Nc1ccccc1F)c1cccnn1                                                                                                 ,1.8679999999999994,0.8349212334657209,4,1,217.065140096
O=C(Nc1ccccc1)Nc1cccnc1,2.7256,0.8054091984666042,4,2,213.090211972
