smiles,logp,qed,Nacceptors,Ndonners,molwt
O=C(Oc1cncc(Cl)c1)c1cccc2[nH]ccc12,3.435500000000001,0.7272379499441562,4,1,272.035255208
O=C(Nc1ccccc1Cl)N C(=O)[nH])c2                                                                                          ,1.8306,0.6639872532196431,3,2,170.024690524
O=C(Cc1ccccc1Cl)Nc1ccc1                                                                                                 ,2.452400000000001,0.8315292924152468,2,1,219.04509162
O=C(Nc1ccccc1OCl)c1cscc2c1ccc2                                                                                          ,4.637800000000002,0.7653329992031666,3,1,303.01207724
O=C(Sc1ccccn1)NCc1cccs1                                                                                                 ,3.1450000000000005,0.8508500612898712,3,1,250.02345494
O=C(C1cccccc1)NC(C)F                                                                                                    ,1.7165,0.6455059893991159,2,1,181.090292224
O=C(Nc1ccccc1)NCc1ccco1                                                                                                 ,2.601300000000001,0.828093215856209,4,2,216.089877624
O=C(Nc1ccccc1)NN cccc1 c1ccncc                                                                                          ,0.6818000000000002,0.31368812641161975,4,3,151.074561908
O=C(Nc1ccccc1)Nc1cccnc1,2.7256,0.8054091984666042,4,2,213.090211972
