smiles,logp,qed,Nacceptors,Ndonners,molwt
N#CC1(CS(=O)(=O)N2Cc3ccc(Cl)cc3[C@H](C(=O)Nc3cncc4ccccc34)C2)CC1,4.059680000000003,0.5927219986950237,7,1,480.102289212
O=C1NCCN2C1c([C@H]3c2cc(OC(F)c3=O)c1NC)c1 1 C(=O)c(F)C(Cl)c1                                                            ,-0.4336,0.6856623445351534,6,2,291.101919528
O=C(CCC1CCCO)N1CCc1cc2COc1cccc(F)cc2                                                                                    ,3.148500000000002,0.8616151713858653,4,1,345.174021848
O=C(NCC1CCC1CO)c1cccnc1                                                                                                 ,0.8299000000000001,0.7896862139879052,4,2,220.121177752
O=C(CC1CCCCC1)Nc1cccnc1,2.990500000000001,0.8470011524151967,3,1,218.141913196
