smiles,logp,qed,Nacceptors,Ndonners,molwt
O=C(Oc1cncc(Cl)c1)c1cccc2[nH]ccc12,3.435500000000001,0.7272379499441562,4,1,272.035255208
O=C(Oc1cccccnc1F)OC(CO)Cc1ccc1                                                                                          ,2.722200000000001,0.7907543468895354,5,1,291.090686148
O=C(Oc1ccc(cncc1)NC1=O)N1 c1ccc1cc(F)cc2OC1                                                                             ,0.18379999999999985,0.6325843798488244,6,2,205.048741084
O=C(c1cccc2ccccc1OCO[C@H]1CCCc2cc(F)c2)cc21 1                                                                           ,5.089500000000004,0.6537266853893343,3,0,350.131822688
O=C(Nc1cncc2ccccc12)[C@@H]1CCOc2ccc(Cl)cc21,4.393000000000003,0.7534186601945831,4,1,338.0822054
