smiles,logp,qed,Nacceptors,Ndonners,molwt
C#CCCCC(=O)N[C@H](C(=O)N[C@H](CC(C)C)C(=O)NN(CCC(N)=O)C(=O)/C=C/C(=O)OC)C(C)(C)C,0.31610000000000493,0.08131314231188806,12,4,535.300598652
O=C(CCC1CCC1)C1CCNC(=O)N1CCCN(C)                                                                                        ,1.5292,0.6633047082678616,5,2,281.210327104
O=C(SC1CCCCC1)Cc1ccccc1   #N(Br)c                                                                                       ,3.8216000000000028,0.7905221764765594,1,0,234.107836196
O=C(NC1CCCCC1)Nc1ccccc1                                                                                                 ,3.1408000000000014,0.7862837614406721,3,2,218.141913196
O=C(NCC1CCCCC1)c1ccccc1                                                                                                 ,2.9967000000000015,0.8281719625052147,2,1,217.146664228
O=C(CC1CCCCC1)Nc1cccnc1,2.990500000000001,0.8470011524151967,3,1,218.141913196
