smiles,logp,qed,Nacceptors,Ndonners,molwt
O=C(Nc1cncc2ccccc12)[C@@H]1CCNc2cc(Cl)c(Cl)cc21,5.079500000000003,0.6597209287605735,4,2,371.05921746
O=C(c1ccc2cccccc12)[C@@H]1CCScc2ccc(F)ccc2C1                                                                            ,6.350800000000004,0.5790059599717006,1,0,362.114064448
O=C(Cc1ccc2ccccn21)[C@H]1CCCC(c2ccc(Cl)cc2C)C1C                                                                         ,6.232720000000006,0.5258500596026945,2,0,379.170292132
O=C(c1ccc2cccccc12)[C@@H]1CCN(c2ccc(F)cc2)CC1                                                                           ,5.029800000000004,0.6266335512351735,2,0,333.15289248
CN(C)c1ccc(N(Cc2cccc(Cl)c2)C(=O)Cn2nnc3ccccc32)cc1,4.384100000000004,0.46496202676590287,6,0,419.1512880040001
