smiles,logp,qed,Nacceptors,Ndonners,molwt
N#CC1(CS(=O)(=O)N2Cc3ccc(Cl)cc3[C@H](C(=O)Nc3cncc4ccccc34)C2)CC1,4.059680000000003,0.5927219986950237,7,1,480.102289212
O=C(Cc1ccccc1)N1Cc2ccc(OC)ncccc2c1                                                                                      ,3.0100000000000016,0.8611986103065228,4,0,306.136827816
O=C(Nc1ccccc1)CCCc1ccc1                                                                                                 ,3.2916000000000016,0.7985207241997335,2,1,213.1153641
O=C(Oc1ccccc1F)CC1cncc1                                                                                                 ,2.3355000000000006,0.5777360600929753,3,0,219.06955678
O=C(Cc1ccncc1)NCC(=O)OCl                                                                                                ,0.43729999999999986,0.8119865238820262,5,1,228.030169828
O=C(Cc1ccccn1)Nc1ccccc1       Cl                                                                                        ,2.2628000000000004,0.8475056653071863,3,1,212.094963004
O=C(Nc1ccccc1)Nc1cccnc1,2.7256,0.8054091984666042,4,2,213.090211972
