smiles,logp,qed,Nacceptors,Ndonners,molwt
C#CCCCC(=O)N[C@H](C(=O)N[C@H](CC(C)C)C(=O)NN(CCC(N)=O)C(=O)/C=C/C(=O)OC)C(C)(C)C,0.31610000000000493,0.08131314231188806,12,4,535.300598652
O=C(Nc1ccccc1)N1C(C)cc1 CC1c1                                                                                           ,2.4363,0.7208578178339372,3,1,188.094963004
O=C(Oc1ccccc1)N1Cccccs1                                                                                                 ,3.219100000000002,0.6974113397285543,3,0,233.051049592
O=C(Cc1cccnn1)Cc1cnnccs1                                                                                                ,2.4899000000000004,0.818092142654194,5,0,246.05753194
O=C(Nc1ccccc1)NC1cccc1Br                                                                                                ,3.0253000000000014,0.858005146782343,3,2,278.005475072
O=C(Nc1ccccc1)Nc1cccnc1,2.7256,0.8054091984666042,4,2,213.090211972
